role,name,title,company,description
seller,John Doe,Sales Manager,TechCorp,TechCorp is a technology solutions provider
buyer,Jane Smith,Procurement Officer,HealthPlus,HealthPlus is a healthcare services company
seller,Alice Brown,Account Executive,InnovateX,InnovateX specializes in innovative software solutions
buyer,Bob White,Head of Procurement,MediCare,MediCare offers comprehensive healthcare services
seller,Charlie Green,Sales Director,SmartTech,SmartTech provides smart home devices
buyer,Eve Black,Supply Chain Manager,FitnessPlus,FitnessPlus is a chain of fitness centers
seller,Dave Clark,Business Development Manager,NetSolutions,NetSolutions offers networking solutions
buyer,Fay Blue,Procurement Specialist,HealthGuard,HealthGuard provides health insurance services
seller,Grace Harris,Sales Consultant,DataWave,DataWave offers data analytics solutions
buyer,Hank Yellow,Procurement Coordinator,WellnessWorks,WellnessWorks provides wellness programs
seller,Ivy Adams,Senior Sales Representative,CloudNet,CloudNet offers cloud computing services
buyer,Jack Orange,Procurement Manager,LifeCare,LifeCare provides home healthcare services
seller,Karen White,Account Manager,TechVerse,TechVerse specializes in virtual reality solutions
buyer,Leo Red,Senior Buyer,HealthCorp,HealthCorp provides healthcare management services
seller,Mike Black,Regional Sales Manager,InnovateTech,InnovateTech offers advanced tech solutions
buyer,Nina Green,Head of Procurement,FitLife,FitLife provides fitness equipment and services
seller,Oscar Brown,National Sales Manager,SoftWave,SoftWave develops software solutions for businesses
buyer,Paul White,Procurement Analyst,HealthPlus,HealthPlus offers health insurance and services
seller,Quinn Red,Inside Sales Representative,NextGenTech,NextGenTech specializes in next-gen technology
buyer,Rita Yellow,Lead Buyer,WellnessHealth,WellnessHealth provides health and wellness solutions
seller,Sam Green,Sales Executive,DataNet,DataNet provides data networking solutions
buyer,Tina Blue,Procurement Officer,HealthFirst,HealthFirst offers healthcare services and solutions
seller,Uma White,Corporate Sales Manager,InnovativeCorp,InnovativeCorp offers innovative business solutions
buyer,Victor Red,Procurement Lead,FitPro,FitPro offers professional fitness services
seller,Wendy Brown,Field Sales Manager,SmartSolutions,SmartSolutions provides smart technology solutions
buyer,Xander Yellow,Chief Procurement Officer,HealthInnovate,HealthInnovate offers innovative health services
seller,Yara Green,Sales Associate,TechWave,TechWave specializes in wave technology solutions
buyer,Zack Blue,Senior Procurement Specialist,WellnessSolutions,WellnessSolutions offers comprehensive wellness services
seller,Aaron Black,Sales Lead,CloudTech,CloudTech offers cloud-based technology solutions
buyer,Beth Red,Procurement Executive,FitWell,FitWell offers fitness and wellness services
seller,Casey White,Sales Representative,NetInnovate,NetInnovate specializes in network innovation
buyer,Diana Yellow,Head of Procurement,HealthLife,HealthLife provides comprehensive healthcare solutions
seller,Eli Green,Account Executive,SmartTech,SmartTech offers smart home and tech solutions
buyer,Fiona Blue,Procurement Coordinator,WellnessCorp,WellnessCorp offers wellness and health services
seller,Gary Brown,Sales Consultant,DataTech,DataTech provides data technology solutions
buyer,Harry White,Procurement Manager,HealthServices,HealthServices offers a range of healthcare services
seller,Ingrid Red,Senior Sales Manager,InnovativeSolutions,InnovativeSolutions provides business innovation solutions
buyer,Jason Yellow,Senior Procurement Officer,FitCorp,FitCorp offers fitness and corporate wellness services
seller,Kate Green,Sales Manager,NextGenInnovate,NextGenInnovate specializes in innovative tech solutions
buyer,Larry Blue,Procurement Analyst,HealthPlus,HealthPlus provides comprehensive health services
seller,Mona White,Account Manager,TechInnovate,TechInnovate specializes in innovative tech solutions
buyer,Nate Red,Head of Procurement,WellnessHealth,WellnessHealth offers health and wellness programs
seller,Olivia Brown,Sales Executive,CloudWave,CloudWave offers cloud technology solutions
buyer,Peter Yellow,Procurement Lead,HealthPro,HealthPro provides professional healthcare services
seller,Quincy Green,Regional Sales Manager,SmartNet,SmartNet offers smart networking solutions
buyer,Rachel Blue,Lead Buyer,FitServices,FitServices offers fitness and health services
seller,Steven White,National Sales Manager,DataInnovate,DataInnovate specializes in data innovation solutions
buyer,Tracy Red,Chief Procurement Officer,WellnessInnovate,WellnessInnovate offers innovative wellness solutions
seller,Alex Brown,Sales Director,AlphaTech,AlphaTech provides cutting-edge tech solutions
buyer,Bella White,Procurement Director,MedLife,MedLife offers medical equipment and services
seller,Chris Green,Sales Manager,EcoTech,EcoTech specializes in eco-friendly technology
buyer,Derek Black,Senior Buyer,FitHealth,FitHealth provides fitness and health products
seller,Elena Blue,Account Executive,HealthTech,HealthTech develops healthcare technology solutions
buyer,Frank Yellow,Procurement Officer,LifeWell,LifeWell offers wellness and life coaching services
seller,Georgia Red,Sales Consultant,InnovaWave,InnovaWave provides innovative tech solutions
buyer,Holly Green,Procurement Specialist,MedCare,MedCare offers comprehensive medical services
seller,Isaac White,Sales Manager,TechSolutions,TechSolutions offers IT and tech services
buyer,Jamie Blue,Head of Procurement,HealthInnovate,HealthInnovate provides health innovation solutions
seller,Kelsey Yellow,Sales Lead,DataCore,DataCore specializes in data management solutions
buyer,Liam Black,Procurement Coordinator,FitSolutions,FitSolutions offers fitness management services
seller,Mary Brown,Sales Executive,NetCore,NetCore provides networking and IT solutions
buyer,Nick Green,Procurement Manager,WellnessPro,WellnessPro offers professional wellness services
seller,Olivia White,Account Manager,CloudSolutions,CloudSolutions offers cloud storage and services
buyer,Paula Red,Senior Procurement Specialist,HealthFirst,HealthFirst provides primary healthcare services
seller,Quinn Blue,Sales Director,InnovateNet,InnovateNet offers network innovation solutions
buyer,Roger Yellow,Chief Procurement Officer,FitWell,FitWell provides fitness and wellness services
seller,Sophia Green,Sales Consultant,NextGenData,NextGenData specializes in data innovation solutions
buyer,Terry White,Lead Buyer,WellnessCorp,WellnessCorp provides corporate wellness programs
seller,Uma Brown,Sales Manager,SmartWave,SmartWave provides smart technology solutions
buyer,Victor Blue,Head of Procurement,HealthNet,HealthNet offers healthcare networking solutions
seller,Will Red,Senior Sales Representative,TechInnovate,TechInnovate provides innovative technology solutions
buyer,Xena Yellow,Procurement Specialist,FitHealth,FitHealth offers fitness and health services
seller,Yvonne Green,Account Executive,DataSolutions,DataSolutions specializes in data management solutions
buyer,Zane White,Procurement Analyst,HealthGuard,HealthGuard offers health insurance and services
seller,Amy Brown,Sales Manager,CloudNet,CloudNet offers cloud computing solutions
buyer,Brandon Blue,Procurement Coordinator,FitLife,FitLife offers fitness and lifestyle services
seller,Cara Green,Sales Consultant,TechInnovate,TechInnovate specializes in tech innovation solutions
buyer,Douglas White,Procurement Officer,HealthTech,HealthTech offers healthcare technology solutions
seller,Evan Red,Sales Executive,DataCore,DataCore provides data management and solutions
buyer,Fiona Yellow,Head of Procurement,LifeWell,LifeWell provides comprehensive wellness services
seller,George Black,Account Manager,SmartNet,SmartNet offers smart networking solutions
buyer,Hailey Blue,Senior Buyer,FitPro,FitPro offers professional fitness services
seller,Isabel Green,Sales Director,NextGenTech,NextGenTech specializes in next-gen tech solutions
buyer,Jack White,Procurement Specialist,WellnessSolutions,WellnessSolutions provides wellness programs
seller,Kyle Red,Sales Lead,InnovaWave,InnovaWave provides innovative technology solutions
buyer,Laura Yellow,Procurement Manager,HealthInnovate,HealthInnovate offers innovative health solutions
seller,Mark Blue,Senior Sales Manager,TechSolutions,TechSolutions offers IT and tech solutions
buyer,Nancy Green,Lead Buyer,WellnessHealth,WellnessHealth provides health and wellness programs
seller,Oscar White,Sales Consultant,DataInnovate,DataInnovate specializes in data innovation solutions
buyer,Paige Black,Procurement Executive,FitLife,FitLife offers fitness and lifestyle services
seller,Quinn Red,Account Manager,SmartWave,SmartWave provides smart technology solutions
buyer,Rachel Yellow,Procurement Officer,HealthCorp,HealthCorp offers healthcare management services
seller,Sam Blue,Sales Director,InnovateNet,InnovateNet specializes in network innovation solutions
buyer,Tom Green,Head of Procurement,FitSolutions,FitSolutions provides fitness and wellness solutions
seller,Uma White,Sales Executive,TechCore,TechCore offers technology and IT solutions
buyer,Victor Red,Senior Buyer,HealthFirst,HealthFirst provides healthcare services
seller,Wendy Yellow,Sales Lead,DataWave,DataWave offers data analytics solutions
buyer,Xander Blue,Procurement Analyst,WellnessWorks,WellnessWorks provides wellness programs
seller,Yara Green,Account Executive,CloudNet,CloudNet offers cloud computing services
buyer,Zack White,Procurement Specialist,LifeCare,LifeCare provides home healthcare services
seller,Charlie Green 0,Sales Director 0,SmartTech 0,SmartTech provides smart home devices 0
buyer,Eve Black 1,Supply Chain Manager 1,FitnessPlus 1,FitnessPlus is a chain of fitness centers 1
seller,Charlie Green 2,Sales Director 2,SmartTech 2,SmartTech provides smart home devices 2
buyer,Eve Black 3,Supply Chain Manager 3,FitnessPlus 3,FitnessPlus is a chain of fitness centers 3
seller,Charlie Green 4,Sales Director 4,SmartTech 4,SmartTech provides smart home devices 4
buyer,Eve Black 5,Supply Chain Manager 5,FitnessPlus 5,FitnessPlus is a chain of fitness centers 5
seller,Charlie Green 6,Sales Director 6,SmartTech 6,SmartTech provides smart home devices 6
buyer,Eve Black 7,Supply Chain Manager 7,FitnessPlus 7,FitnessPlus is a chain of fitness centers 7
seller,Charlie Green 8,Sales Director 8,SmartTech 8,SmartTech provides smart home devices 8
buyer,Eve Black 9,Supply Chain Manager 9,FitnessPlus 9,FitnessPlus is a chain of fitness centers 9
seller,Charlie Green 10,Sales Director 10,SmartTech 10,SmartTech provides smart home devices 10
buyer,Eve Black 11,Supply Chain Manager 11,FitnessPlus 11,FitnessPlus is a chain of fitness centers 11
seller,Charlie Green 12,Sales Director 12,SmartTech 12,SmartTech provides smart home devices 12
buyer,Eve Black 13,Supply Chain Manager 13,FitnessPlus 13,FitnessPlus is a chain of fitness centers 13
seller,Charlie Green 14,Sales Director 14,SmartTech 14,SmartTech provides smart home devices 14
buyer,Eve Black 15,Supply Chain Manager 15,FitnessPlus 15,FitnessPlus is a chain of fitness centers 15
seller,Charlie Green 16,Sales Director 16,SmartTech 16,SmartTech provides smart home devices 16
buyer,Eve Black 17,Supply Chain Manager 17,FitnessPlus 17,FitnessPlus is a chain of fitness centers 17
seller,Charlie Green 18,Sales Director 18,SmartTech 18,SmartTech provides smart home devices 18
buyer,Eve Black 19,Supply Chain Manager 19,FitnessPlus 19,FitnessPlus is a chain of fitness centers 19
seller,Charlie Green 20,Sales Director 20,SmartTech 20,SmartTech provides smart home devices 20
buyer,Eve Black 21,Supply Chain Manager 21,FitnessPlus 21,FitnessPlus is a chain of fitness centers 21
seller,Charlie Green 22,Sales Director 22,SmartTech 22,SmartTech provides smart home devices 22
buyer,Eve Black 23,Supply Chain Manager 23,FitnessPlus 23,FitnessPlus is a chain of fitness centers 23
seller,Charlie Green 24,Sales Director 24,SmartTech 24,SmartTech provides smart home devices 24
buyer,Eve Black 25,Supply Chain Manager 25,FitnessPlus 25,FitnessPlus is a chain of fitness centers 25
seller,Charlie Green 26,Sales Director 26,SmartTech 26,SmartTech provides smart home devices 26
buyer,Eve Black 27,Supply Chain Manager 27,FitnessPlus 27,FitnessPlus is a chain of fitness centers 27
seller,Charlie Green 28,Sales Director 28,SmartTech 28,SmartTech provides smart home devices 28
buyer,Eve Black 29,Supply Chain Manager 29,FitnessPlus 29,FitnessPlus is a chain of fitness centers 29
seller,Charlie Green 30,Sales Director 30,SmartTech 30,SmartTech provides smart home devices 30
buyer,Eve Black 31,Supply Chain Manager 31,FitnessPlus 31,FitnessPlus is a chain of fitness centers 31
seller,Charlie Green 32,Sales Director 32,SmartTech 32,SmartTech provides smart home devices 32
buyer,Eve Black 33,Supply Chain Manager 33,FitnessPlus 33,FitnessPlus is a chain of fitness centers 33
seller,Charlie Green 34,Sales Director 34,SmartTech 34,SmartTech provides smart home devices 34
buyer,Eve Black 35,Supply Chain Manager 35,FitnessPlus 35,FitnessPlus is a chain of fitness centers 35
seller,Charlie Green 36,Sales Director 36,SmartTech 36,SmartTech provides smart home devices 36
buyer,Eve Black 37,Supply Chain Manager 37,FitnessPlus 37,FitnessPlus is a chain of fitness centers 37
seller,Charlie Green 38,Sales Director 38,SmartTech 38,SmartTech provides smart home devices 38
buyer,Eve Black 39,Supply Chain Manager 39,FitnessPlus 39,FitnessPlus is a chain of fitness centers 39
seller,Charlie Green 40,Sales Director 40,SmartTech 40,SmartTech provides smart home devices 40
buyer,Eve Black 41,Supply Chain Manager 41,FitnessPlus 41,FitnessPlus is a chain of fitness centers 41
seller,Charlie Green 42,Sales Director 42,SmartTech 42,SmartTech provides smart home devices 42
buyer,Eve Black 43,Supply Chain Manager 43,FitnessPlus 43,FitnessPlus is a chain of fitness centers 43
seller,Charlie Green 44,Sales Director 44,SmartTech 44,SmartTech provides smart home devices 44
buyer,Eve Black 45,Supply Chain Manager 45,FitnessPlus 45,FitnessPlus is a chain of fitness centers 45
seller,Charlie Green 46,Sales Director 46,SmartTech 46,SmartTech provides smart home devices 46
buyer,Eve Black 47,Supply Chain Manager 47,FitnessPlus 47,FitnessPlus is a chain of fitness centers 47
seller,Charlie Green 48,Sales Director 48,SmartTech 48,SmartTech provides smart home devices 48
buyer,Eve Black 49,Supply Chain Manager 49,FitnessPlus 49,FitnessPlus is a chain of fitness centers 49
seller,Charlie Green 50,Sales Director 50,SmartTech 50,SmartTech provides smart home devices 50
buyer,Eve Black 51,Supply Chain Manager 51,FitnessPlus 51,FitnessPlus is a chain of fitness centers 51
seller,Charlie Green 52,Sales Director 52,SmartTech 52,SmartTech provides smart home devices 52
buyer,Eve Black 53,Supply Chain Manager 53,FitnessPlus 53,FitnessPlus is a chain of fitness centers 53
seller,Charlie Green 54,Sales Director 54,SmartTech 54,SmartTech provides smart home devices 54
buyer,Eve Black 55,Supply Chain Manager 55,FitnessPlus 55,FitnessPlus is a chain of fitness centers 55
seller,Charlie Green 56,Sales Director 56,SmartTech 56,SmartTech provides smart home devices 56
buyer,Eve Black 57,Supply Chain Manager 57,FitnessPlus 57,FitnessPlus is a chain of fitness centers 57
seller,Charlie Green 58,Sales Director 58,SmartTech 58,SmartTech provides smart home devices 58
buyer,Eve Black 59,Supply Chain Manager 59,FitnessPlus 59,FitnessPlus is a chain of fitness centers 59
seller,Charlie Green 60,Sales Director 60,SmartTech 60,SmartTech provides smart home devices 60
buyer,Eve Black 61,Supply Chain Manager 61,FitnessPlus 61,FitnessPlus is a chain of fitness centers 61
seller,Charlie Green 62,Sales Director 62,SmartTech 62,SmartTech provides smart home devices 62
buyer,Eve Black 63,Supply Chain Manager 63,FitnessPlus 63,FitnessPlus is a chain of fitness centers 63
seller,Charlie Green 64,Sales Director 64,SmartTech 64,SmartTech provides smart home devices 64
buyer,Eve Black 65,Supply Chain Manager 65,FitnessPlus 65,FitnessPlus is a chain of fitness centers 65
seller,Charlie Green 66,Sales Director 66,SmartTech 66,SmartTech provides smart home devices 66
buyer,Eve Black 67,Supply Chain Manager 67,FitnessPlus 67,FitnessPlus is a chain of fitness centers 67
seller,Charlie Green 68,Sales Director 68,SmartTech 68,SmartTech provides smart home devices 68
buyer,Eve Black 69,Supply Chain Manager 69,FitnessPlus 69,FitnessPlus is a chain of fitness centers 69
seller,Charlie Green 70,Sales Director 70,SmartTech 70,SmartTech provides smart home devices 70
buyer,Eve Black 71,Supply Chain Manager 71,FitnessPlus 71,FitnessPlus is a chain of fitness centers 71
seller,Charlie Green 72,Sales Director 72,SmartTech 72,SmartTech provides smart home devices 72
buyer,Eve Black 73,Supply Chain Manager 73,FitnessPlus 73,FitnessPlus is a chain of fitness centers 73
seller,Charlie Green 74,Sales Director 74,SmartTech 74,SmartTech provides smart home devices 74
buyer,Eve Black 75,Supply Chain Manager 75,FitnessPlus 75,FitnessPlus is a chain of fitness centers 75
seller,Charlie Green 76,Sales Director 76,SmartTech 76,SmartTech provides smart home devices 76
buyer,Eve Black 77,Supply Chain Manager 77,FitnessPlus 77,FitnessPlus is a chain of fitness centers 77
seller,Charlie Green 78,Sales Director 78,SmartTech 78,SmartTech provides smart home devices 78
buyer,Eve Black 79,Supply Chain Manager 79,FitnessPlus 79,FitnessPlus is a chain of fitness centers 79
seller,Charlie Green 80,Sales Director 80,SmartTech 80,SmartTech provides smart home devices 80
buyer,Eve Black 81,Supply Chain Manager 81,FitnessPlus 81,FitnessPlus is a chain of fitness centers 81
seller,Charlie Green 82,Sales Director 82,SmartTech 82,SmartTech provides smart home devices 82
buyer,Eve Black 83,Supply Chain Manager 83,FitnessPlus 83,FitnessPlus is a chain of fitness centers 83
seller,Charlie Green 84,Sales Director 84,SmartTech 84,SmartTech provides smart home devices 84
buyer,Eve Black 85,Supply Chain Manager 85,FitnessPlus 85,FitnessPlus is a chain of fitness centers 85
seller,Charlie Green 86,Sales Director 86,SmartTech 86,SmartTech provides smart home devices 86
buyer,Eve Black 87,Supply Chain Manager 87,FitnessPlus 87,FitnessPlus is a chain of fitness centers 87
seller,Charlie Green 88,Sales Director 88,SmartTech 88,SmartTech provides smart home devices 88
buyer,Eve Black 89,Supply Chain Manager 89,FitnessPlus 89,FitnessPlus is a chain of fitness centers 89
seller,Charlie Green 90,Sales Director 90,SmartTech 90,SmartTech provides smart home devices 90
buyer,Eve Black 91,Supply Chain Manager 91,FitnessPlus 91,FitnessPlus is a chain of fitness centers 91
seller,Charlie Green 92,Sales Director 92,SmartTech 92,SmartTech provides smart home devices 92
buyer,Eve Black 93,Supply Chain Manager 93,FitnessPlus 93,FitnessPlus is a chain of fitness centers 93
seller,Charlie Green 94,Sales Director 94,SmartTech 94,SmartTech provides smart home devices 94
buyer,Eve Black 95,Supply Chain Manager 95,FitnessPlus 95,FitnessPlus is a chain of fitness centers 95
seller,Charlie Green 96,Sales Director 96,SmartTech 96,SmartTech provides smart home devices 96
buyer,Eve Black 97,Supply Chain Manager 97,FitnessPlus 97,FitnessPlus is a chain of fitness centers 97
seller,Charlie Green 98,Sales Director 98,SmartTech 98,SmartTech provides smart home devices 98
buyer,Eve Black 99,Supply Chain Manager 99,FitnessPlus 99,FitnessPlus is a chain of fitness centers 99
